recording_id,duration,conversation_detected,conversation_confidence,caller_has_speech,receiver_has_speech,caller_speech_duration,receiver_speech_duration,turn_switches,snr_db,is_mono
c1ab80c89e7a5c2cb2df4c681e2e195i,8.22,False,0.7467165819360555,True,True,5.281874999999999,0.32062500000000016,1,103.87610626220703,False
c98ca0016efede63c55697cf03c9195o,71.04,True,1.0,True,True,27.92812499999998,26.544375,33,103.4053955078125,False
1d60c34a5c4fc9da6cc768f4b770195e,11.8,False,0.3948098733628658,True,True,0.421875,1.1137500000000002,1,97.59512329101562,False
63c9c548c1b11c1be802d4219f91195e,2.75975,False,0.2,True,False,1.65375,0,0,93.47659301757812,False
cf336dd91bcfcd4c02a89d7a8e7c195o,24.06,True,0.9954919354838709,True,True,4.775625000000003,10.462500000000002,6,107.9207763671875,False
63b3da0b541eff9d9973867503c5195f,35.39975,True,0.9064408233276158,True,True,17.887499999999996,4.4043750000000035,11,104.4650650024414,False
830415c822550d5ef72f828877a0195l,3.39975,False,0.5175778915782643,True,True,0.25312500000000004,1.738125,1,95.94511413574219,False
13dad5c29de88e40eccac799a7a4195c,20.69975,True,1.0,True,True,5.096249999999998,4.336875000000001,2,97.59844970703125,False
622f5b7b58fe9d7edb8015c44fe9195l,3.38,False,0.2,True,False,3.2906250000000004,0,0,98.16693115234375,False
a7d36c4bf3956118e16da16c0d25195q,7.76,True,0.9449714285714285,True,True,1.2318749999999996,2.953125,3,99.92626953125,False
cb6445c889ca29f57c763d2b9c42195f,19.59975,True,0.951590361445783,True,True,14.006250000000003,5.248125000000003,8,108.94276428222656,False
3cf80dbf4b1d9bfea442ccbdbc19195q,7.31975,True,0.9270886868068224,True,True,0.9112500000000008,1.9912500000000009,2,98.30743408203125,False
5579310be3e5166e3cb997febe83195l,32.74,True,1.0,True,True,17.296875000000004,12.706875,10,101.03291320800781,False
70875372ac454b48e504a35faf8f195n,104.11975,True,1.0,True,True,41.27625000000001,44.448750000000004,28,105.5415267944336,False
ca3b1f225563f608b5883728840c195j,16.99975,False,0.6325,True,True,9.466875,4.86,1,104.52984619140625,False
ddfc751a7b4835bd0a738d87b83a195m,4.85975,True,0.707027203980751,True,True,0.9281249999999992,0.421875,3,86.74421691894531,False
6697dbc9c8c1d582bf6e0864e0f4195j,51.19975,True,1.0,True,True,25.751250000000002,25.059375000000006,19,102.94439697265625,False
2205cc12e122e4674e3d92dc8439195l,164.36,True,1.0,True,True,77.27062500000002,53.54437500000001,48,104.91307067871094,False
0b5229a3bc49aa8673a0e62f7ff7195o,71.77975,True,1.0,True,True,31.86000000000003,16.368750000000002,21,108.35995483398438,False
c018a9d317e5bf45c1c1f15b7430195e,3.18,False,0.2,False,True,0.405,2.345625,1,92.43077087402344,False
9e4aa77280fa9adb54cbebd584c6195e,7.13975,False,0.4,False,True,0.18562500000000004,2.176874999999999,1,95.15473175048828,False
5082b55c5b78c27df4ce3a0665f0195l,23.79975,True,0.979345265348595,True,True,16.216875000000005,12.909374999999997,10,96.5919418334961,False
b64179ca139e4f4a5b81e22f50da195g,20.24,False,0.4418295739348371,False,True,9.618750000000002,5.5350000000000055,7,95.40992736816406,False
fe8e87bb153ebe2e8e5b222ab73d195q,4.97975,True,1.0,True,True,2.53125,1.7718750000000003,4,106.23127746582031,False
9894543c9d0346b482f2a6622c11195j,9.879875,True,0.9176811594202898,True,True,5.821875000000002,1.029375,3,100.98660278320312,False
c893a1ccd72c6b7578f763ef06f6195e,141.42,True,1.0,True,True,26.443125000000034,35.65687500000004,33,104.82038879394531,False
ad8030b50211d58ba51f6c5a4016195c,8.59975,True,0.8457291666666665,True,True,7.290000000000002,2.5818749999999993,3,103.22017669677734,False
3ec9e14b76c3ca297bb84bd8f3e3195q,8.23,True,0.9838888888888888,True,True,3.6281249999999994,3.796875000000001,4,101.64410400390625,False
f485b28ee0f6768504969b94f869195k,21.56,True,1.0,True,True,4.978125,3.5100000000000025,2,93.4952621459961,False
7580ac1b5139d089e3c1c845af8e195c,12.18,True,0.8556907894736842,True,True,2.2612499999999995,5.1300000000000034,4,98.67933654785156,False
3c1d73572ef851c5f44a71c681d6195c,4.87975,False,0.4,False,True,0.25312500000000004,1.9912500000000013,1,104.11888122558594,False
2491afa0ec0d2dbca8ffce95ff7c195f,355.14,True,0.9559448448243233,True,True,267.5193750000001,143.80874999999995,96,105.4194564819336,False
2d9d30a95b4b4ab2565faf63ea7b195l,36.15975,True,1.0,True,True,8.589374999999995,11.576249999999993,13,106.10179901123047,False
fcbb1bb660afba02b1bdcab5938a195o,20.61975,True,1.0,True,True,7.559999999999994,6.5643749999999965,5,100.55779266357422,False
f00bfe62b4b600fe1084b1e266c9195l,161.27975,True,0.9792075471698113,True,True,75.31312500000006,102.85312500000002,46,108.63783264160156,False
d8ec1ff6f064bffc4d735ad2cda7195e,8.82,True,0.8454721030042919,True,True,3.9318750000000002,1.38375,2,99.76304626464844,False
3c5d3659cc2b1d1a0d2daa808d3e195j,44.05975,True,1.0,True,True,8.724375,8.100000000000007,16,96.1642837524414,False
fa8e3d10da4ab7e2865309383495195k,4.2,False,0.2,True,False,3.560625,0,0,116.18478393554688,False
55b3c0e933f55e30024dd98fa881195e,41.59975,True,1.0,True,True,11.205000000000002,10.293750000000005,20,109.1274185180664,False
90b5c5e5ba4f49cdcda729133a5f195j,14.08,True,0.8232924693520141,True,True,9.635625000000005,2.2443750000000016,2,99.76686096191406,False
8914e2a7fa2565f4982f22aa62fc195k,6.61975,True,0.9172289156626505,True,True,2.8012500000000005,2.73375,2,99.44290161132812,False
f7b58949e6a733af3f1697358462195f,9.35975,True,1.0,True,True,1.6706249999999978,1.18125,4,99.97628021240234,False
3951f2b449a168ad3f4e7820ab15195j,20.319875,True,1.0,True,True,8.234999999999994,3.6956250000000064,10,102.38265228271484,False
ecdbbed68b772cb84001f63c77d2195h,7.77975,False,0.2,False,True,0.2699999999999996,1.2993749999999993,1,91.38504791259766,False
a453aff9d834920afa84d2b3912f195j,133.65975,True,0.8516167740305671,True,True,76.34249999999997,21.228750000000016,21,100.73292541503906,False
4a7f1a559989a70da74af910419a195j,46.42,True,1.0,True,True,21.566249999999997,11.154375000000009,13,104.38092041015625,False
8e333ef9aedefce87602edf8794c195i,12.61975,True,0.8460416666666667,True,True,6.480000000000002,1.6875000000000018,5,107.0130844116211,False
5506b422a25eff32f318bd40104e195l,65.29975,True,1.0,True,True,26.527499999999996,13.635000000000003,22,105.37432861328125,False
ab06d766aa3cd1d389d5c2b2fb86195m,17.07975,True,1.0,True,True,3.3412500000000036,4.0162499999999985,5,103.19347381591797,False
f62f462b77ae39646d8b92d4e301195l,23.98,True,0.9022528413780975,True,True,6.564374999999996,2.075624999999997,6,105.90406799316406,False
81ea807b58038a54834040c07011195k,3.9,True,1.0,True,True,2.3287500000000003,1.6875,4,97.86772918701172,False
5d51afec061005369fcb5dacbe77195e,11.42,True,0.8222857142857143,True,True,5.9062500000000036,1.3162500000000026,6,99.25304412841797,False
c2e4454142778f4c2119b5b33fe7195j,22.76,False,0.454551282051282,True,False,4.100624999999999,5.265000000000004,9,96.87638092041016,False
188e3b7d48ed69d0b1ff4dbbac96195q,37.99975,True,1.0,True,True,10.378125000000004,9.601875000000003,13,106.66999053955078,False
eb974bd66cf474f0f0d31736a1ea195o,106.37975,True,1.0,True,True,22.021875000000016,24.013124999999967,23,102.2072982788086,False
7f25d86b90ed268ad4466461223e195f,14.45975,False,0.6305864555058006,True,True,0.30375000000000085,0.30375000000000085,1,90.7743148803711,False
d844390edc060418218a6725ffb3195q,21.67975,True,0.9960814249363866,True,True,11.053125000000007,3.6281249999999994,9,97.57884216308594,False
965f6d76bbc51b4afdaf6753961c195e,30.2,False,0.2,False,False,0,0,0,85.7436294555664,False
38252f0ec9399bbaf077185e7ca2195d,4.71975,False,0.2,True,False,1.0124999999999997,0,0,97.26707458496094,False
ed6830c10ff1aae2563ffae9462d195m,5.09975,True,0.9924176706827309,True,True,4.201875000000001,1.8056249999999994,2,105.10549926757812,False
4c08bdbbd331f1efce7636a83c97195c,17.22,True,0.8226347305389221,True,True,14.090625000000003,3.1893749999999996,4,100.68339538574219,False
706a2d3f9d110248f03f2fe61fd8195e,12.45975,True,1.0,True,True,2.7168750000000004,4.48875,4,107.36703491210938,False
094887083dc79373937eaec1483b195h,30.7,True,1.0,True,True,16.064999999999998,4.944375000000006,11,105.56402587890625,False
6137d9e6e7a580c7f3d1b3bb6c59195q,21.36,True,1.0,True,True,8.893125000000005,10.462499999999999,11,101.10808563232422,False
21a17de7473456c8531bad8f85fc195l,12.66,True,0.8441056244772788,True,True,1.1812499999999986,2.2950000000000004,4,99.48619079589844,False
1ac422189447952a7f083b220b4e195p,175.44,True,0.9618565761136509,True,True,46.49062499999999,117.53437499999998,57,106.95718383789062,False
26ad0b76b17cb868981256b0190a195n,11.31975,False,0.1,False,True,0,0.8606249999999993,0,91.82768249511719,False
9609909e1c68d1637abe969ebf6b195h,6.73975,False,0.1,False,False,0,0,0,70.84196472167969,False
4757ee60a56698a00f27f9dbe5b9195l,11.32,False,0.46964130269082827,True,True,1.0631249999999994,3.8137500000000006,1,98.58804321289062,False
c4fcf7f05cfa67f83c8dd6f12aa9195p,29.64,False,0.4,True,False,17.58375,0.9112500000000001,1,97.56590270996094,False
62960f3cfc99a144496e2fa54be0195j,5.64,False,0.2,False,True,0,0.8268750000000007,0,89.8653335571289,False
b3fa93171aeff534012199127cd8195m,26.57975,True,0.9888838383838382,True,True,12.150000000000002,11.47499999999999,11,104.42542266845703,False
e69e185d497c166b72682d1ea604195h,33.15975,True,0.6957709752394838,True,True,17.938125,0.57375,3,105.93211364746094,False
85b3ae98dc55cbdc13eb86b302ac195q,6.89975,False,0.6067676658328937,True,True,0.995625,0.9112499999999999,1,101.72736358642578,False
998e8db01deeaf6cf3b5ac1b1c8c195h,5.19975,False,0.6490558199913458,True,True,1.5187500000000007,0.45562499999999995,1,102.04527282714844,False
57afdcccfa91b568e5196a3ef8c9195l,32.48,True,1.0,True,True,8.842500000000003,12.470625,10,106.79978942871094,False
d4098c23659312a228f06fb4dddd195n,18.76,True,1.0,True,True,4.185000000000004,5.146875000000003,9,100.72325134277344,False
e0d595f7223208242248b307bd94195e,10.61975,False,0.2,False,True,0.2531250000000007,2.4806249999999994,1,103.42200469970703,False
ad0894038982c9653ceb91de52c0195i,60.98,True,0.9854727299895402,True,True,19.929375000000004,14.394375000000004,17,103.20936584472656,False
933230e6a31cd36acd52c9da5ae7195n,41.41975,True,1.0,True,True,9.635625000000006,10.276874999999997,15,103.17329406738281,False
81f37c9f74e1eb13b6e00e00112b195j,18.71975,False,0.4476271186440678,False,True,4.978125,1.8731249999999982,8,96.4131851196289,False
7115155b069f258fbe7d452b6e89195q,11.09475,False,0.4,False,True,0.2531250000000007,5.535000000000004,1,98.17928314208984,False
49d421ded2584e470784c456f720195d,8.14,True,0.9859469026548671,True,True,1.9068750000000003,1.8562499999999988,4,100.93746185302734,False
240be6c9a331150549e654a0f7ea195q,10.31975,True,0.8177464788732395,True,True,5.990625,1.0631250000000014,2,105.09889221191406,False
5e1f761edaa1c7e7fa55f4682c75195j,13.59975,True,0.8584507042253521,True,True,9.585,4.455000000000001,4,99.40165710449219,False
21f9d3cba9c691687918138053f8195j,16.48,True,1.0,True,True,6.51375,6.31125,8,107.7349853515625,False
c149ef75e9cbc7a3a94fdc198b54195o,13.05975,True,1.0,True,True,2.6493749999999987,3.1724999999999994,5,100.39078521728516,False
16ddc1604b16ceebcdd2a939ded1195c,17.08,False,0.4725742574257426,False,True,3.4087499999999995,1.4512500000000004,3,99.71337127685547,False
337dd97c2d16e9a330ca56745a12195j,8.42,True,0.8428437644024531,True,True,0.9281249999999996,2.2612499999999995,4,96.49043273925781,False
b4bc7a77f5c530134ac7348fe14e195l,14.81975,True,0.8948319819043798,True,True,0.84375,1.9068749999999994,4,95.28558349609375,False
56993c7f7eb1cf56e2361b85eda5195q,9.99975,False,0.2,False,True,0.15187500000000043,0.3712500000000003,1,84.75434875488281,False
ec297efd00e7a280b8b2f6b3dafb195q,8.92,True,0.9063258657579565,True,True,0.6918750000000005,0.5568749999999998,2,97.07108306884766,False
3cf1a0ce03eb8eb69ff205e8c716195m,11.98,False,0.2,False,True,0.1687499999999993,1.7212499999999986,1,94.81856536865234,False
2edc035ce3894fd26b1ed72342af195m,4.53975,False,0.75,True,True,2.86875,0.421875,1,103.54586791992188,False
30861b2c541743d6f601770b896e195j,16.0,False,0.49106382978723395,True,False,3.1724999999999994,1.6199999999999966,8,98.85719299316406,False
8afca0324bd43414be3cce9c2fa1195j,15.85975,False,0.45575028490272024,True,True,3.5943750000000003,1.6200000000000017,1,102.86906433105469,False
345da33b58bc19c7b1627bfb8699195n,25.41975,True,1.0,True,True,6.7499999999999964,8.673749999999997,7,105.61610412597656,False
1d965b0db57d8cd6b31d149638d0195l,8.25975,False,0.2,False,True,0,1.1137499999999982,0,98.26496887207031,False
20797d906928dda2c70b868d95aa195l,10.09975,False,0.2,False,True,0.21937499999999943,1.231875000000001,1,98.94725036621094,False
8afa6aa991499d992da3114a8fba195d,6.74,True,0.9700536398467432,True,True,4.404375,3.67875,4,102.87006378173828,False
8cd1dd3f6d1ee6e3b770485fe9be195o,20.31975,True,0.814069264069264,True,True,15.592500000000001,2.1937500000000023,6,105.96430969238281,False
d805c4fe86d2a81df1dcd43dde11195e,38.26,False,0.2978433782664175,True,False,2.565000000000002,0.15187500000000043,2,92.09793853759766,False
a5f6c94633d8b57aa88586f73c24195e,152.46,True,1.0,True,True,54.74250000000006,54.472500000000025,53,105.88262939453125,False
e37035450532094aa14be6ca9518195j,5.5,True,0.8442949645537949,True,True,1.8393750000000013,0.5062500000000001,2,95.43258666992188,False
aa276acc001ccdfaefe2e154349b195d,6.77975,False,0.7742820973399165,True,True,1.1306249999999993,0.7424999999999999,1,94.35034942626953,False
16b4eb347e53e94c1d199c3dad9c195i,8.29975,False,0.2,False,True,0,0.9112500000000008,0,100.23131561279297,False
5632fca685fd53bc56af38fd3648195e,17.69975,True,0.958339952806185,True,True,2.885625,4.235625000000004,6,96.5860824584961,False
c3fe23d721f5e40f5ff9a1f78a4f195j,15.29975,False,0.5711337293656479,True,True,3.4256249999999997,0.6581250000000018,1,100.738037109375,False
f21e6fef62fa1c62ba75d66ab63b195q,9.77975,True,0.9609777226531233,True,True,1.2993750000000013,1.1981250000000006,3,98.30158233642578,False
c2121d1bfc738d5cda1357e25d2d195d,64.79975,True,1.0,True,True,19.844999999999988,22.848749999999985,26,105.27896118164062,False
a379e74ea5b20c86440c74590442195f,230.29975,True,1.0,True,True,53.78062500000004,86.46750000000006,48,107.2365493774414,False
8871375e7acfafe15f6f2c61837c195d,2.52,False,0.1,False,False,0.25312500000000004,0,0,74.05963134765625,False
4b132f2a9674b79bbc5943842d82195e,8.19975,False,0.2,True,False,5.8556250000000025,0,0,105.96421813964844,False
4f95c9242188e2a82362b79a5db2195m,12.61975,True,1.0,True,True,1.3500000000000005,2.3287499999999994,2,103.02484130859375,False
bae6bf6ca15580453386fe0b543a195o,12.5,False,0.5572549019607843,False,True,1.501875,1.7212500000000004,2,92.17146301269531,False
8b5cd12827feee86a96dca6430a6195n,20.304,True,0.6439999999999999,True,True,3.223124999999996,3.223124999999996,3,94.58010864257812,True
0c2fc53594192ee9300f6df31c64195d,9.87975,True,1.0,True,True,3.2906250000000012,3.1387499999999977,6,101.5531997680664,False
5c1ec16b00905a5f61ea80e412ba195n,36.0,True,0.7,True,True,25.835624999999997,25.835624999999997,19,105.78544616699219,True
3b2428290f117f9fce346f95abea195q,10.94475,True,0.7442717023491368,True,True,1.7718750000000005,0.5231250000000003,2,98.61482238769531,False
aebe62007b83496d92489797e170195k,34.48,True,1.0,True,True,16.014375000000005,5.416874999999998,10,106.10831451416016,False
52fe88c76bf1091d5d6186c64c2e195o,2.03975,False,0.2,False,True,0,0.45562499999999995,0,93.03520965576172,False
7d426fff4fe4782f0ea702e2ac34195j,13.57975,True,1.0,True,True,3.0206249999999972,2.244374999999998,5,97.36548614501953,False
a4ca6830b27f3feb1079f9b18a40195q,5.18,False,0.2,False,True,0,1.8393749999999995,0,99.65005493164062,False
d2a42eda4d33dc9a411a1285764b195l,31.29975,True,1.0,True,True,14.529374999999998,7.138125,18,102.32902526855469,False
7bb3b4255270ceedd030090afdd6195i,16.73975,False,0.5047679324894515,False,True,6.665624999999995,3.206250000000002,9,97.30164337158203,False
71754954ac04d84712ecff32f2ee195k,11.71975,False,0.4,False,True,0.15187500000000043,2.7168749999999995,1,94.61898803710938,False
8ea386957e2c942cd89f7c00e8ca195c,7.459875,True,0.9496796407185627,True,True,5.63625,2.5818749999999993,3,94.22813415527344,False
d3965b4ee292f368b2c2fa20559d195m,21.93975,True,1.0,True,True,5.585624999999997,4.235625000000002,7,101.58045959472656,False
2e51e78d019140e9516e7480c6fb195j,151.94,True,0.9514057553956833,True,True,105.553125,66.82499999999999,30,105.99470520019531,False
7766418e19cb429c90d957fe5c14195f,132.87975,False,0.5075370919881306,True,False,45.49499999999999,17.07750000000001,14,96.173583984375,False
bdc60d49b525450167947954a4de195i,32.51975,True,1.0,True,True,9.635625,10.901249999999994,10,108.12091064453125,False
c83305365fd5d65ebc9d5f4726dd195p,338.91975,True,1.0,True,True,179.36437500000014,128.63812499999997,81,108.12614440917969,False
4a1b075fa2a2231326a24d3ca998195h,20.45975,False,0.3162162162162161,False,True,1.2487500000000011,0.8268749999999998,3,91.01050567626953,False
2e7957dfd5e206f90fa61225028b195o,29.66,True,1.0,True,True,14.309999999999995,7.964999999999997,7,103.6046142578125,False
befe35e3f4bf31fa6b21438e25bd195m,6.26,False,0.744691892971246,True,True,3.5437499999999997,0.4893750000000001,1,103.57967376708984,False
53964fd193aba3dfb5475deaf2d2195g,19.68,True,1.0,True,True,7.053749999999997,8.994375000000003,12,100.44851684570312,False
eb79f4b175da3afa8c2770bdf8b1195j,10.11975,False,0.2,False,True,0.18562499999999815,1.434375,1,90.19187927246094,False
ce7f510ad2dd9d3ec116d83cf90f195j,60.87975,True,1.0,True,True,15.660000000000005,32.855624999999996,16,106.51142883300781,False
bd2de4c0678f9378d26a11ad6f59195j,127.71975,True,1.0,True,True,60.14250000000002,56.32875000000001,36,101.0856704711914,False
c81cc4d03fdc5945170c7c124f7c195j,12.67975,False,0.2,True,False,1.8224999999999996,0,0,84.85993957519531,False
91bb186a4aa23555bb232c1e7222195f,21.12,True,1.0,True,True,6.463124999999997,5.518124999999999,7,101.73664093017578,False
c5bc3a93b5cda99ba55fad061544195j,35.31975,True,1.0,True,True,10.428749999999997,10.901250000000006,11,103.76203918457031,False
593b0a167fc0126ad9d3138f6510195f,8.14,True,1.0,True,True,1.4343749999999997,1.5862500000000002,4,97.43913269042969,False
17f575bd94057ef79e55a5867059195n,20.952,True,0.6869333333333332,True,True,11.036250000000003,11.036250000000003,9,102.107177734375,True
0732fdc7f31bb1341950699689e1195j,17.85975,True,0.817425431711146,True,True,10.749374999999993,1.8731249999999982,6,91.66117858886719,False
88fa4412e14dc154b7ec9928d44d195q,8.34,True,0.9912071748878923,True,True,3.7631250000000005,2.4806250000000016,5,105.53738403320312,False
ac6e723358cf59a2ab442c40b267195n,30.43975,True,0.98532,True,True,6.328125000000002,6.125625,8,99.28404235839844,False
f2f9fe83b463a69154fe49b460ec195m,25.7,True,1.0,True,True,10.074375,5.416875000000006,9,105.52287292480469,False
2f307347e74244f7fa07fb023f99195j,7.93975,False,0.2,False,True,0,0.8943750000000008,0,91.7160415649414,False
26b9dcf1cb34c70e936bf3d54b80195e,14.74,False,0.5551523961661341,True,False,5.281875000000001,1.9406249999999985,5,100.0374755859375,False
807e40b7f19028ee0b68a27b83e4195g,50.2,True,1.0,True,True,9.466875,12.926249999999998,13,102.35069274902344,False
e9371f2ac394177fd2f16329f666195j,16.25975,True,1.0,True,True,6.3618749999999995,3.763124999999997,6,103.034423828125,False
02cc568f1c2c06a70e31131b852d195o,704.18,True,0.961384791248628,True,True,481.9837500000005,147.04875000000072,157,111.280029296875,False
c35d80ce95ee854d1fc2c114cb28195e,8.17975,False,0.1,False,True,0,0.6412499999999994,0,91.45075988769531,False
244ccf77d7885e593e4c61538d1a195p,58.61975,True,1.0,True,True,21.954375000000006,14.006250000000001,19,99.06210327148438,False
ec3d88029dba75e9e9d38f818407195n,94.51975,True,1.0,True,True,40.28062500000002,24.38437500000001,19,103.44224548339844,False
4e2c132c3304faf0e1512a7bb09b195g,19.51975,True,0.9682004208127871,True,True,6.733125000000003,2.851875000000001,6,98.88741302490234,False
88d45bf2cd2dd6c125eaf0987b75195l,40.45975,True,1.0,True,True,9.348749999999999,9.618749999999999,18,105.63540649414062,False
74620f040a312084ee8a35af46e4195d,4.12,False,0.6471768810679612,True,True,0.16875000000000018,1.7381250000000004,1,96.41449737548828,False
f6f5c773ca5f3eaa0536aafc149a195q,30.95975,True,0.9325889698231008,True,True,16.216875000000005,14.748750000000001,12,103.97273254394531,False
614f887ea7e2d0dbdfc6d0b5a45a195g,127.45975,True,1.0,True,True,72.14062500000001,31.353750000000034,36,105.05784606933594,False
568f3c56a9969916f9c2e5f89665195q,17.89975,True,0.9625795403334835,True,True,3.6618749999999993,5.349374999999997,7,103.01895904541016,False
75602c789359e9523cafa02e43d9195q,18.83975,True,1.0,True,True,8.910000000000004,3.223125000000005,6,102.74349975585938,False
60985251c6037fe49ec0d9cc0cc0195l,13.61975,False,0.2,False,False,0,0.708750000000002,0,69.73975372314453,False
8d56f9eddde6de72d2aa3e3368bf195c,3.64,False,0.6325,True,True,3.24,1.1643750000000002,1,89.74556732177734,False
a1f80e12fa336c4661c272cde25d195e,25.69975,True,0.9203519916142557,True,True,16.09875000000001,8.420625000000005,10,109.08875274658203,False
ac16d5ad027becc97662079834a1195e,13.0,True,1.0,True,True,3.0375000000000014,4.201875000000003,4,99.77487182617188,False
8ca363a3d2dfce80817a8c1f3735195m,20.37975,True,1.0,True,True,10.749375000000004,4.96125,8,100.88729858398438,False
2b5c9f3446ffcf9bb159d4b3c8c6195m,30.64,True,0.9347927651747394,True,True,19.659375,8.7075,7,101.94374084472656,False
a8b23cbe5c22b62f949d653c15b2195p,10.93975,False,0.4,True,False,8.926874999999999,0.354375,1,109.64811706542969,False
72a2932a7ade01f1a2eeeedd9c73195n,12.78,True,1.0,True,True,3.4256249999999993,3.4762499999999994,7,97.88691711425781,False
ff4291fb0282c0d3c4629b8b4690195e,7.57975,False,0.2,False,True,0.20250000000000057,0.4556249999999995,1,95.449951171875,False
c945827b1331749caa8a8ef9fdef195n,17.496,True,0.7,True,True,10.462500000000004,10.462500000000004,7,101.53639221191406,True
52fc0b19a949172340df4c0204a5195q,5.42,True,0.9958999999999999,True,True,2.5312499999999996,1.1643750000000002,2,104.80614471435547,False
6995079980927f41ea2d08ce0396195c,6.539875,False,0.2,False,True,0,2.835000000000001,0,96.38850402832031,False
f99c7a11267a91b7a9f3fef9dafe195o,27.83975,True,1.0,True,True,6.395625000000003,7.374375000000002,10,106.11051940917969,False
3f41b1e614075d2defded2ed0958195j,13.64,True,0.8274390243902439,True,True,8.3025,2.278124999999999,4,107.55323791503906,False
c10dfbdb664d975e488fa9aff2fd195n,25.19975,True,1.0,True,True,4.303125,10.42875,7,96.35771942138672,False
ccffb0acacc703b214b5d33d73af195k,5.41975,False,0.2,True,False,4.55625,0,0,112.5300521850586,False
3e072e7ac727a9c4a2507915050d195d,10.82,False,0.5309343684613004,True,True,6.648750000000003,0.38812500000000005,1,98.41368865966797,False
a317d61189ed183074ffe01c9c45195k,6.839875,False,0.2,True,False,0.6243749999999999,0,0,89.72567749023438,False
26a53128486a61b62e0ddc4db424195j,19.14,True,0.7995121951219513,True,True,13.837499999999997,3.3918750000000006,8,103.33187866210938,False
dceecc1322ef13679e63be6df6e4195g,17.01975,False,0.4117391304347825,False,True,1.1981249999999992,1.9406250000000032,2,96.69749450683594,False
1efcf617984f55b38bb855baaace195g,14.37975,False,0.2,False,True,0.2699999999999996,1.2993749999999995,1,78.49212646484375,False
9d4b3983f5e3b5a6e108e7ee42fe195q,6.60475,False,0.6483674357740371,True,True,2.4806250000000007,0.405,1,100.82666015625,False
b136d89192aa3405e930d49e0bc4195m,20.19975,True,1.0,True,True,4.910625,5.332499999999998,9,104.66424560546875,False
662ff37a79d402b8b9cecf5bd72d195m,9.16,False,0.2,False,True,0,1.198125,0,88.48408508300781,False
439577026d00f947173cfa2715fc195f,8.4,False,0.5919531250000011,True,True,0.3374999999999986,0.2531250000000007,1,87.83894348144531,False
23a5708b12becefccac0934b538b195q,39.51975,True,0.990389366515837,True,True,14.917500000000008,7.340625000000008,15,100.9611587524414,False
4ee662f8454d1461e97fb8803372195n,11.59975,True,0.860699062233589,True,True,6.598124999999998,1.8056249999999998,3,100.06535339355469,False
91287ee26823cc6fada8fd38420e195g,17.6,True,1.0,True,True,2.6662500000000016,2.3962499999999998,5,96.06999206542969,False
707ba2ac9fd465fa75ee80cbc70d195f,9.28,True,0.7130234212549819,True,True,3.3581249999999985,0.5906250000000011,2,98.1842041015625,False
f35dc3b13d7d7af4d2ad2b1ef5d4195o,9.57975,False,0.45666666666666667,True,False,7.087499999999999,0.47250000000000014,2,103.67066955566406,False
e7c231923336d74e1fa68ff01f8b195f,182.46,True,1.0,True,True,89.91000000000004,82.14749999999998,68,105.39302825927734,False
f11c43de0bb71bcfd895e590f9ca195q,6.11975,False,0.2,False,True,0,1.5525000000000002,0,102.01134490966797,False
86c3fbd65de11f4eed7cac986819195i,14.0,False,0.4,True,False,9.551250000000001,0.15187500000000004,1,102.34510803222656,False
7675855451909e6f7246a4f283a6195n,10.46,True,0.8592729591836734,True,True,6.615000000000001,3.1218749999999993,5,101.2581558227539,False
d4d9c3cffe3a5cba76f23168cb06195q,43.86,True,0.9934641350210969,True,True,10.53,23.996249999999993,10,105.486572265625,False
a4394614c2897821a663af15e3d2195h,18.04,True,1.0,True,True,4.691250000000002,3.3243750000000007,5,100.47354125976562,False
bd1e767362465bcff3c6df57ae9f195n,6.57975,False,0.2,True,False,5.8218749999999995,0,0,112.57091522216797,False
e76cca0652339812549dc1c3ff67195m,13.85975,True,0.7811857229280097,True,True,9.298125,1.3499999999999985,3,97.36138916015625,False
788e06d06140c2155af2a01dec72195h,13.67975,True,0.7270986745213549,True,True,11.458125000000003,3.1050000000000013,3,104.37064361572266,False
d954d8d53baa709b9667ec6108f1195e,12.67975,False,0.2,False,False,0.15187500000000043,0,0,78.43280792236328,False
078ca370556a57d71ef4d72f106c195q,3.87975,True,1.0,True,True,2.8012500000000005,1.8225000000000005,2,105.24324035644531,False
3813e2999602a53a1b05d76c7a5d195j,22.65975,True,0.9321510506798516,True,True,13.651874999999999,5.264999999999997,10,102.52951049804688,False
195d0895507705f4101e34e23d4c195g,5.73975,False,0.4,False,True,0.15187500000000043,0.5062499999999996,1,88.30918884277344,False
6b54e6e7aff90584fd0dda4d9f10195n,165.96,True,0.7,True,True,109.14750000000004,109.14750000000004,47,102.53730773925781,True
fa12e23b39a272fe08aa26a5bfcd195g,164.53975,True,0.9726621783968311,True,True,109.13062500000001,38.221875000000004,52,101.08856964111328,False
481f84855221f213eba52e6c3dce195q,90.07975,True,0.9878912147161433,True,True,53.206875000000025,42.05250000000003,30,101.82502746582031,False
a40eaf5096d814742b49c0cc6bd0195j,13.2,True,0.9131794167503766,True,True,6.108749999999999,1.5524999999999998,3,100.36598205566406,False
045ddd321c7000352b7212127485195j,12.92,True,0.936641834365326,True,True,1.1137499999999996,1.1474999999999955,2,101.11611938476562,False
97934429c0092cede0f17fa7de97195j,34.07975,True,1.0,True,True,13.854375,6.041249999999998,11,101.0927734375,False
5aa29dd411eec76cf0ca9e08fdd7195p,8.97975,True,1.0,True,True,1.5187499999999985,1.4850000000000008,3,103.8983154296875,False
adc0031af9dbfa1098673a494525195i,12.52,True,0.8643552729038624,True,True,2.4637499999999966,1.4343749999999986,7,88.94786834716797,False
52e7974acebe574379d92c95bafc195k,14.83975,True,1.0,True,True,4.4381249999999985,2.6662500000000002,5,100.12879943847656,False
38e6814f069821abbb0185261ed2195n,43.272,True,0.7,True,True,32.400000000000006,32.400000000000006,15,105.33890533447266,True
7501eb06cb153d7fe5480fd53163195q,20.3,True,0.959775936883629,True,True,7.4081249999999965,8.555624999999997,5,105.85018920898438,False
afe77f6ad2b745c3150292869683195n,19.83975,True,1.0,True,True,6.851250000000004,7.053750000000001,8,108.26455688476562,False
09f33f9a9d894251090feae4ffb0195p,12.719375,False,0.6444925893784422,True,True,0.489374999999999,0.9956249999999969,1,83.29972076416016,False
958f0a6808934369e8a3aac7a887195k,63.05975,True,1.0,True,True,27.320624999999982,24.755625000000006,20,107.2067642211914,False
d303ce3cdb4105a6bda3f27ae143195d,11.23975,True,0.9633390134529147,True,True,3.3749999999999987,3.763124999999998,5,96.40827941894531,False
181abd17771c5f7032a06801abae195k,21.99975,True,1.0,True,True,7.3575000000000035,7.205625000000001,11,106.32560729980469,False
3ab879852a1bd6a98b192729499f195d,7.81975,False,0.2,True,False,0.9618750000000009,0,0,85.36581420898438,False
a86734df38b18c744da62343f48e195q,11.059875,False,0.5113095238095239,False,True,2.8349999999999986,0.7931250000000021,3,89.91272735595703,False
97e4217f02c67a63aa9dc9c76495195d,11.49975,False,0.2,False,True,0,1.6200000000000023,0,96.57622528076172,False
fe08341d5fd103ab6567b99dc2ae195g,27.43975,True,1.0,True,True,7.762500000000001,5.7375,9,103.65642547607422,False
482812418eb8fd6baeda76110555195q,13.0,False,0.1,False,True,0.1687499999999993,0.6243749999999997,1,79.4801254272461,False
9b55e61f04c3b4e42e1ba44456fe195q,33.15975,True,0.9959417382999044,True,True,17.668125,8.133750000000008,12,102.98225402832031,False
64e481ff8e787742ad6e17c640b7195h,13.95975,False,0.2,True,False,11.795625000000001,0,0,103.72760009765625,False
12e935e1883a64b376c3dc2d92b9195l,169.179875,True,1.0,True,True,65.61000000000008,93.99374999999998,48,107.99891662597656,False
f98099ea3aee77260980eb78316d195q,9.35975,True,0.8884931506849314,True,True,1.7887499999999994,2.46375,3,103.87298583984375,False
441dc53ef7adb99b01f8c9d07461195e,201.85975,True,0.8437308706658552,True,True,147.16687499999998,22.848749999999992,39,104.45343017578125,False
165d008601fd01550d2692003b97195q,17.41975,False,0.5124870466321243,False,True,2.7675,6.51375,4,96.61463928222656,False
22deed95399ed0beba56d0376087195j,4.12,False,0.6325,True,True,3.054375000000001,2.46375,1,106.05335235595703,False
dad9519fb243dcf53a0d760e10ed195q,9.79975,False,0.2,False,True,0,0.8268750000000007,0,87.08064270019531,False
fe08da504dccc2c244adbc15b043195c,5.17975,False,0.5435254499672928,True,True,1.5862500000000002,0.54,1,94.17113494873047,False
722313d2b0d80739b06f61a2a402195e,45.27975,True,1.0,True,True,11.03624999999999,15.103124999999995,19,107.28475952148438,False
ae9b2ef589d54eecd3e6ff7885e7195f,22.8,True,0.8163945379298879,True,True,1.1981250000000006,9.348749999999999,4,101.7884521484375,False
0b71364569b6812ff6994078017a195k,44.56,True,0.8276464897733554,True,True,30.526875000000008,4.623749999999998,16,104.45484161376953,False
8e2f964925b4abf8805ba9def3e9195g,24.759875,True,0.8556878306878307,True,True,12.7575,2.851875000000005,6,104.436767578125,False
6bea9341be541da16d88804921e0195j,17.93975,False,0.5165690376569038,False,True,6.1762500000000005,8.06625,8,103.94538879394531,False
58a6b706ca6bc7a0329ed0e648a7195k,14.92,False,0.5513173652694611,False,True,2.8181249999999984,1.1643749999999995,3,97.10049438476562,False
f49442b8e756eaf9ba19439e730d195o,17.33975,True,1.0,True,True,5.805,9.061874999999992,9,103.94100952148438,False
104eb02bb3aba8a4450215e195e6195d,6.83975,False,0.1,False,True,0,0.45562499999999995,0,90.7951431274414,False
892ea0e2fd7158f48c39e6474bf9195n,16.59975,True,0.923854980363563,True,True,1.856250000000001,3.054375000000002,6,96.41327667236328,False
8354cd75943e4b070387b954c69a195h,9.14,False,0.2,False,True,0,1.18125,0,97.35855865478516,False
93c14fe321d372028bbb61a92b02195k,4.63975,False,0.2,False,True,0,0.18562499999999993,0,79.13031005859375,False
971cb4a2a0d81d6c0b5eb179b090195g,42.69975,True,0.8983249041210006,True,True,17.600624999999997,5.90625,11,92.91035461425781,False
e16365f1f4a0678c08374c4ebe4f195e,11.22,True,1.0,True,True,6.041250000000002,2.2781250000000006,4,101.02295684814453,False
adf2dbc04e828a02a3444ea8f571195n,5.832,False,0.4427499999999999,True,True,5.8218749999999995,5.8218749999999995,1,101.36071014404297,True
453063e4751b35fd46a4eb629ea0195p,10.2,True,1.0,True,True,3.121874999999999,3.121875000000001,4,108.97650909423828,False
771445c653b5ad294d4766aa6e13195g,37.82,True,1.0,True,True,11.35687500000001,6.496875000000001,9,102.4367904663086,False
839da9b227d27142f63493e377f8195n,30.01975,True,1.0,True,True,9.382499999999993,8.370000000000008,5,97.78616333007812,False
199bc054230c9b318b98ea3f520a195e,84.54,True,1.0,True,True,16.115624999999987,15.035625000000005,21,100.28717803955078,False
ddd7b10e40e0dfffe678f7a26707195j,21.259875,True,1.0,True,True,14.394375000000002,7.492500000000004,10,101.61750030517578,False
7cca611468ca2d519f3e5318d9e7195g,33.95975,True,1.0,True,True,15.136874999999996,10.428749999999997,16,101.87239837646484,False
c69d8b64939e31472ba9ae44a518195j,35.73975,True,0.9924510818438381,True,True,17.938125,13.094999999999999,8,103.0843734741211,False
cef47dfa16166a7b54cf20451b97195p,28.21975,True,1.0,True,True,7.5431250000000025,12.858749999999993,6,105.9219741821289,False
3e2296a3ffeaf4c729bdb8fc12ac195l,106.72,True,1.0,True,True,30.42562499999997,51.907499999999985,43,102.68497467041016,False
e1750030a485652f5b4e3a738151195e,9.51975,True,0.752133085464989,True,True,3.3243750000000007,0.6749999999999994,3,98.48710632324219,False
f460992a331c88841e6afc51fca7195f,9.72,True,0.7719512195121951,True,True,6.226875000000002,1.3668750000000003,4,104.88697814941406,False
e7ba130720e078fd46f26e891f13195e,16.77975,False,0.49341013824884794,False,True,3.661874999999999,1.4849999999999988,7,93.44357299804688,False
47009e0358e1707bd3b034beae02195l,16.63975,True,0.7894771241830065,True,True,0.9787499999999985,10.327500000000002,5,100.45570373535156,False
b0e5a4210458b8b9961bdcf2a6ad195e,11.57975,False,0.4069723439625208,True,True,2.193749999999999,0.8268750000000002,1,92.85874938964844,False
bfb2c7f8fdf69e24845a25cfd056195e,15.25975,False,0.31000000000000005,False,True,2.278125000000001,1.3668750000000007,5,93.1643295288086,False
e872d26b95ad710335d087766352195f,8.76,True,0.9612916184842553,True,True,1.2993750000000013,0.995625,2,87.91886138916016,False
789b9a0ee216e07d21a847475bf8195d,502.13975,True,1.0,True,True,227.35687499999963,215.61187500000017,137,105.07600402832031,False
dd990e1046292a3be5eb4b57ab85195q,211.42,True,1.0,True,True,97.36875000000002,118.58062500000008,54,108.52203369140625,False
d4e7601d48f5d21efb8dd84f52d1195q,5.69975,True,0.8666953442158774,True,True,0.3881250000000005,0.607499999999999,2,99.32325744628906,False
1d30d74bb57d4119462b4f42543c195q,7.27975,False,0.2,False,True,0,1.7550000000000014,0,88.52987670898438,False
0dfe2bff6fa2964629c075a6f0ec195i,11.38,False,0.2,False,True,0,1.4006250000000007,0,91.57105255126953,False
15ffa33419a65e2f93c2d2a7c349195j,100.51975,True,1.0,True,True,45.427500000000016,27.101249999999972,30,108.64529418945312,False
31ae08445f47e0b3f881d0978dfb195c,5.37975,False,0.2,True,False,0.25312500000000004,0.3037500000000002,1,82.3829574584961,False
d5259990861d4266198b6c64f275195g,56.51975,True,0.8576016374929418,True,True,6.007500000000009,29.885624999999987,16,103.33184051513672,False
750d31b5d70ea9239f9ac2b656ed195h,10.39975,True,1.0,True,True,1.9237500000000005,1.5693750000000006,2,108.69454193115234,False
565064811d076d8d4c41235e48ec195q,13.89975,True,1.0,True,True,4.89375,4.623750000000001,5,103.55604553222656,False
cfc73c818d989dda98e4309f9545195g,3.37975,False,0.4,True,False,1.9406250000000003,0.5231250000000001,1,97.5863265991211,False
9ed5290d27c211e5c3589f53b33a195m,17.02,True,1.0,True,True,6.395624999999999,4.809375,5,100.94755554199219,False
34273f9be9a2d64befe7af02255a195l,40.69975,True,0.9297859078590784,True,True,15.103124999999995,31.134375,4,101.55541229248047,False
b036687955b9fcfa0bb7b7090c0f195n,604.06,True,1.0,True,True,343.16999999999973,142.5937500000001,165,111.71614074707031,False
cbb005bfc13f396ad27a6cd6cbf7195j,122.51975,True,1.0,True,True,51.553124999999994,30.459375,26,104.38589477539062,False
cc23ca120f5b94ec8429ab9ecf26195c,7.27975,True,0.8122388059701492,True,True,5.653125000000001,1.8225000000000002,3,100.63053131103516,False
c6d3e7e796a5dc3f7853ab8468e1195l,10.12,False,0.1,False,True,0.23625000000000002,0.6412500000000003,1,87.9096908569336,False
b17a8ca8a3d2ae5c0c882181f82e195e,14.81975,False,0.41571428571428576,False,True,1.4174999999999986,1.2149999999999994,3,92.9002685546875,False
96b607d29641e449674a8208c2d6195l,4.09975,False,0.578915147265077,True,True,0.7762499999999999,0.54,1,99.59654235839844,False
ccfad55dc7bb03e29f7a077ed4ef195j,5.02,False,0.8443954752797321,True,True,0.7931250000000001,0.7087500000000002,1,99.75254821777344,False
909b172e8198fadf000fb2486d03195j,7.9,True,1.0,True,True,3.2737500000000015,2.8350000000000017,4,96.49291229248047,False
c215ee479834e5072b16c7d4db82195o,32.305,True,0.8319918686906957,True,True,17.85375,2.6493749999999947,8,98.79344940185547,False
80d4e3599e6491b6b4f4c247694f195l,69.83975,True,1.0,True,True,23.540625000000002,23.45625000000001,18,106.81049346923828,False
b706c2d657b2cbdaf3e98ca95f70195l,376.51975,True,0.9848538314176245,True,True,119.99812500000009,229.0275,90,106.13297271728516,False
ed8805abb09b8c7a3564cdf1da5a195q,73.19975,True,1.0,True,True,31.117499999999982,26.713125000000005,18,105.10985565185547,False
f7a12294168f1397ea2fec99c06c195j,25.8,True,1.0,True,True,7.981875000000004,8.015625,8,96.72056579589844,False
40b47bd1166aae23ca7abeafd4a4195q,3.77975,False,0.6325,True,True,1.2487499999999998,1.65375,1,100.14613342285156,False
4e94873793eaa52ccad9011b451e195q,9.88,False,0.2,False,True,0.15187500000000043,1.3500000000000003,1,93.36875915527344,False
fda6ce72b3dc4ad7f54f5af142d4195k,6.16,False,0.6639371448863639,True,True,0.5399999999999991,0.2868750000000002,1,96.58493041992188,False
dab9a2df4338d8c52548083410a1195h,40.16,True,1.0,True,True,8.268750000000008,9.736875000000001,11,104.29124450683594,False
487328de610e980c862fdc0622b1195g,11.37975,False,0.2,False,True,0,0.5062500000000001,0,96.00165557861328,False
d01df9bce9cec246ea0abc9a52ea195d,13.55975,False,0.40380952380952384,False,True,3.543749999999999,0.7256250000000004,3,81.60124206542969,False
ced8c6199a7b2a7a850724b967cd195j,14.35975,False,0.47056603773584915,False,True,0.7256250000000009,1.7887499999999994,3,90.48546600341797,False
408f7352440882f44a669213a2b5195p,13.18,True,1.0,True,True,4.876875,2.430000000000001,3,101.8605728149414,False
a9b184525765b97c11a9d35113f3195p,15.48,False,0.32460317460317445,False,True,1.0631250000000012,0.7931249999999987,2,94.34673309326172,False
bb81d060c588c873087765c19632195f,55.02,True,1.0,True,True,28.67062499999999,18.005624999999988,19,105.66813659667969,False
3f451209f03ff996b0b380748fbd195k,8.83975,True,0.8452605701518707,True,True,1.2993750000000004,3.661875,2,103.78509521484375,False
02a38a779adcb831a8b6d8e2cf67195f,3.38,False,0.2,False,False,0,0,0,69.9543685913086,False
c73d8293428940e4cb0e72f3baf2195d,19.379875,True,0.8362139355047635,True,True,7.981875000000004,1.316249999999997,3,101.71641540527344,False
ba7a7dfe59f73cd29a725edc340d195f,89.95975,True,1.0,True,True,46.912500000000016,47.21625000000001,34,103.32474517822266,False
563c46f44225294bd1d69454721d195n,10.944,True,0.7,True,True,3.948750000000003,3.948750000000003,7,102.5570297241211,True
364fdb260cb6afc8faa068a49463195k,15.85975,True,1.0,True,True,7.644375,7.3912499999999985,7,102.36083984375,False
473a99b9a7787955a8f070eb9821195e,1.25975,False,0.0,False,True,0,0.9450000000000001,0,76.73053741455078,False
6473038768305dd81153b9277322195k,6.31975,True,0.9984075187969923,True,True,2.2443750000000007,1.6200000000000003,5,92.68363189697266,False
e4b970dd778efbb022e0fb2f9819195c,2.9,False,0.2,False,False,0.9281250000000001,0,0,75.01351165771484,False
132fcc3cc72f8f43d283ab5073f3195g,53.51975,True,0.8049035812672176,True,True,40.8375,8.808749999999998,12,103.87921142578125,False
506419baca35e497e28cdccd5256195h,10.11975,False,0.2,False,True,0.15187500000000043,4.573125,1,100.3287582397461,False
77d39de867b2247c22fbb00951bb195q,13.81975,False,0.2,False,True,0,1.8899999999999997,0,97.30414581298828,False
e7de529e1bf7fd220014e7b7d8fb195h,19.51975,False,0.1,False,True,0.15187500000000043,0.8943750000000019,1,94.54502868652344,False
1a2f66ef437e2850a73201c7d8fb195d,15.35975,False,0.46202116402116405,False,True,2.0418750000000006,3.1893749999999996,5,98.4542236328125,False
4ba2821405b94d07ed6528cd0249195n,3.91975,False,0.2,False,True,0,0.8943749999999999,0,77.6635971069336,False
058478301b6510268080e4eae15b195d,13.33975,True,0.7705362441332151,True,True,4.792500000000003,0.43874999999999886,2,93.79112243652344,False
a969a0f3f76109782b6fcb41e540195f,41.15975,True,0.8925287356321839,True,True,22.51125,5.821875000000002,18,98.47711181640625,False
96b593e92508de8147c14c38a71d195l,4.67975,False,0.2,True,False,0.691875,0,0,100.47150421142578,False
f59ba847eb3093ccf570a21aa912195k,9.12,False,0.1,False,True,0,0.8943750000000004,0,86.86491394042969,False
0f49948aea2cbc80eb72221661c8195p,16.55975,True,1.0,True,True,2.8349999999999973,2.7675000000000023,3,96.26387023925781,False
f6c7001dfecedc9a95fb492aaa10195d,2.9,False,0.2,False,False,0,0,0,81.47622680664062,False
65b3b8cdb424db7325102005ab7b195p,70.9,True,1.0,True,True,17.128124999999997,20.030624999999997,20,103.23408508300781,False
3e1bf1a7d165f09745f1efc94505195g,408.76,True,1.0,True,True,120.52124999999997,170.01562500000026,59,104.2235107421875,False
dea7926df75ee50ddfc5b80f490e195k,57.03975,True,1.0,True,True,15.322499999999994,26.308124999999997,19,99.03335571289062,False
42e0656a200b2cdbc2ff544b6d03195g,9.85975,False,0.5605836447522661,True,True,0.8774999999999977,0.8437499999999994,1,92.75589752197266,False
d1956dd2b51cb72750b731471d37195m,176.67975,True,1.0,True,True,75.02624999999999,43.77374999999995,49,105.71834564208984,False
0deb86dcf5eafa7df4446f51a5eb195n,5.16,False,0.75,True,True,3.611250000000001,0.18562500000000004,1,94.15303039550781,False
997582f3483d1ed490ba188b267a195g,28.78,True,1.0,True,True,9.416250000000002,4.269375000000001,9,94.67642211914062,False
13c341bc04f8b708d267215515cd195h,47.3,True,0.9907671844018505,True,True,18.0225,8.758124999999996,17,107.87071990966797,False
aee99ee5a7104b9485d57a0636a2195c,8.43975,False,0.2,False,True,0,3.7125000000000012,0,95.29387664794922,False
6f5b8cc6c30c7ec6f398421b74af195q,8.75975,True,0.812568306010929,True,True,6.17625,0.7762499999999992,2,101.24662780761719,False
9230a67bde8bfac19b8830816646195f,114.72,False,0.45048742138364756,False,True,7.15500000000004,7.070625000000021,9,86.5895004272461,False
0751a7815c04eb79de542b05a2a7195e,140.24,True,0.9840931267568284,True,True,20.75624999999999,27.185625000000012,26,99.60880279541016,False
4c560621f2d058c0f0447ecf2275195e,71.7,True,1.0,True,True,26.71312500000001,21.17812500000001,21,99.88789367675781,False
1865a042d26160bbc0664bbacc7d195g,20.01975,True,0.9539324675324675,True,True,12.993749999999999,4.353750000000001,5,98.42890930175781,False
d031ecf09c8913a726ecfd266de8195l,46.21975,True,1.0,True,True,10.125000000000005,12.639375000000003,17,104.85774230957031,False
a0fb7962804f0d88445b9a5ff130195c,26.599875,True,1.0,True,True,7.610624999999997,7.914375000000003,9,103.3052749633789,False
76ce0c8f23ac813c8d7993c1eb33195m,10.14,False,0.4924346646942801,True,True,5.011875000000002,0.5568749999999998,1,96.35016632080078,False
fae4c89e0b4e00e1326ece023157195n,9.18,False,0.2,False,True,0,1.1981249999999997,0,97.06314086914062,False
ec4e212583fc6378ea06e87c9f05195j,15.27975,True,1.0,True,True,2.3625000000000025,3.2568750000000013,5,97.44845581054688,False
bd3e484304f443563976a9bb4024195l,6.83975,False,0.2,True,False,0.30374999999999996,0,0,86.75440979003906,False
e50f114c53b2a7aca4c62ddb7a0d195p,51.27975,True,1.0,True,True,21.650625000000012,8.994374999999996,18,106.99075317382812,False
991f21544c01bbfe465e938a8f09195n,9.864,False,0.4427499999999999,True,True,3.155625,3.155625,1,97.51923370361328,True
041d66ae9282dfdf4dfda6b2d993195j,25.91975,False,0.2,True,False,2.6831249999999986,0.405,1,91.23524475097656,False
cc676e9c290ffa85bf89ff1290a3195q,8.639875,True,1.0,True,True,3.4087500000000013,5.8050000000000015,2,97.7667236328125,False
612c319d8dd6a0f41bdaaec32733195e,8.08,True,0.7751355511342275,True,True,2.666250000000001,0.6412500000000008,4,98.42823791503906,False
0cd32779bc2285aa53c9e08d197b195n,50.39975,True,1.0,True,True,29.109375,10.546874999999993,14,104.59150695800781,False
6b2d9fc789153ae2024adcb58019195j,6.8,False,0.2,False,True,0,2.0587500000000003,0,92.81836700439453,False
4eea4fed72e55643ad87bb565444195h,11.37975,False,0.2,False,True,0,0.6581250000000001,0,88.12483978271484,False
5994a09995adbd5c99d13f26b6cf195g,6.78,False,0.2,False,True,0,1.2656250000000004,0,91.14948272705078,False
64fcad4d9654db2efde9e753bb52195m,178.06,True,1.0,True,True,92.27249999999997,57.13875000000004,36,104.3714599609375,False
9c87ad790c01885084c6296da746195k,10.62,False,0.2,False,True,0.1856250000000017,1.4512500000000017,1,92.68280792236328,False
ff61f936c090bc74062dd77a6c4a195l,22.87975,True,1.0,True,True,6.733124999999999,2.9193750000000023,5,101.1671371459961,False
3535b404d54e6525ef99b45b2c0a195q,44.11975,True,1.0,True,True,9.973125000000003,11.728124999999999,15,105.66429901123047,False
db9547b0746ea390ecb229e0af7e195j,11.79975,True,0.829894616411365,True,True,2.193749999999998,1.0968750000000014,3,85.19050598144531,False
06eafa79d1f3f85290196becae44195f,41.55975,True,0.8450178699070765,True,True,23.608125,5.90625,10,106.16122436523438,False
cdd9cf403dfd74c90115a09df848195n,39.528,True,0.7,True,True,29.345625000000005,29.345625000000005,15,101.69403076171875,True
20d209fec64ea51dbc4281799faa195c,1.81975,False,0.0,True,True,1.7550000000000001,0.675,1,101.68887329101562,False
396cc67a2731e56f9307f5681ada195m,25.01975,True,1.0,True,True,6.952500000000002,7.070625,8,103.45687866210938,False
a168f98f534eac38aeb6f95ea00d195l,16.279875,True,0.9086036036036036,True,True,11.812500000000002,13.111874999999998,3,102.68350219726562,False
73ba197cd817584219acb74eb5fc195k,17.24,True,0.8778107439254481,True,True,7.678124999999998,2.0081249999999993,7,102.22880554199219,False
b6b51076e009a89118c9af139e8b195n,13.26,False,0.2,False,True,0.1856250000000017,0.8943750000000001,1,93.70323944091797,False
fedb195a4469f729108bb5d96272195j,15.97975,False,0.4371069182389937,False,True,5.366250000000001,4.674375,3,102.46448516845703,False
7eb797d7d62843bc3fbeb31364a4195l,21.24,True,1.0,True,True,5.433749999999996,4.21875,7,102.9233169555664,False
c2565fe8414a897b49d801477d2d195f,75.66,True,0.7998154023651572,True,True,58.505625,11.59312500000001,15,104.81654357910156,False
13f490a4fce463cccdfcf639ee2f195o,94.96,True,0.972794057377049,True,True,49.410000000000025,41.158125000000005,23,108.60218048095703,False
26c3b307c35019164e2dca0985b0195c,4.24,False,0.2,True,False,4.15125,1.0293750000000002,1,82.84510803222656,False
6b288969f7bde0883201cb49ff7f195q,76.65975,False,0.4342665615141956,False,True,8.150625,37.445624999999986,16,103.27993774414062,False
cb1aa924e561b2b5a8d935d4af40195m,60.21975,True,1.0,True,True,20.08124999999999,31.252500000000012,12,104.8948974609375,False
45fcd6352505b5334f1cc61f6c44195d,39.1,True,1.0,True,True,17.78625,9.196875000000002,10,101.11239624023438,False
c735db4d5443567cbc532b0742dd195j,7.24,True,0.8589098238950278,True,True,0.6749999999999998,0.4387500000000002,2,100.80244445800781,False
c357b0d63f3cecd9314213c78187195p,45.33975,True,1.0,True,True,25.90312499999999,9.568125,11,97.75383758544922,False
f8b4c8ef36d0f66c87e7e3dd7862195e,9.86,False,0.2,False,True,0,1.3162500000000037,0,94.16851043701172,False
a84574c523d85eac81154a8eaca4195e,16.91975,True,1.0,True,True,7.998750000000002,4.033125,6,106.63067626953125,False
9ea620fad819b221ea9c8083d143195q,5.15975,False,0.2,False,True,0,1.0631250000000003,0,101.76154327392578,False
078cc90f83f4dfe539a6a749a748195n,7.88,True,0.9795115511551153,True,True,5.113125,4.691250000000001,4,105.70893096923828,False
006aed6db83c9e609ac16ffcfbb1195m,48.61975,True,1.0,True,True,20.604374999999997,19.153124999999996,17,103.74784851074219,False
3b374bfc1846de931e67906de3f4195g,53.69975,True,1.0,True,True,17.634375000000013,13.162500000000007,19,107.04400634765625,False
13b7d0949881f0810b30b6b5a955195j,10.68,False,0.2,False,True,0,0.4556250000000013,0,95.61351013183594,False
5f69ebca24b51ad65b83eb866294195n,8.73975,False,0.55,True,True,0.48937499999999945,6.952500000000001,1,103.08533477783203,False
73353455f5c3c79ca7be09896427195h,90.039875,True,1.0,True,True,30.66187499999998,20.621250000000003,25,101.26223754882812,False
6d1654cb94db986a94f4924bf3d3195k,10.19975,True,0.8455222812478634,True,True,3.8475000000000024,0.8606249999999998,3,101.49972534179688,False
fa92e4c475e0ab548c5109b5422f195q,16.05975,True,0.7743630573248408,True,True,10.597500000000002,2.581874999999999,4,101.42018127441406,False
8ddfaec4afbb552ceea1098d5475195f,4.27975,False,0.55,True,True,3.1893749999999996,0.8943750000000001,1,105.26046752929688,False
57391bf1c2b18c77d1820ac47380195g,42.5,True,1.0,True,True,11.424375000000008,13.2975,11,98.87586975097656,False
d571eaae3fa0ccdd0343f63fa130195o,9.81975,False,0.2,False,True,0,0.421875,0,89.71497344970703,False
4e36a03849752338211537bbeafe195e,10.15975,False,0.6676113856031414,True,True,3.560625,0.8943750000000001,1,95.0208740234375,False
b0f9e932c37e5361d807517eb250195f,14.82,True,0.7322187680740315,True,True,0.6075000000000017,1.890000000000001,2,91.24340057373047,False
4da7187076c4948781d6f8a38b97195e,617.94,True,1.0,True,True,267.4518750000002,316.8956249999995,125,101.41136169433594,False
7cf61ae1dade5f3912cd9d08ef4e195q,471.07975,True,1.0,True,True,280.4118749999999,111.2568749999998,124,102.47084045410156,False
3b0f2d6f1ef70da385a52a9a7544195q,20.37975,False,0.5491534391534392,False,True,3.9487500000000004,4.100624999999999,7,97.79901123046875,False
b1f02adbed7c1f9b335c1b25bb9f195n,5.98,False,0.7086292613636365,True,True,0.3712500000000001,0.2868750000000002,1,102.57206726074219,False
7736f94ce6d09262800bf65da930195q,7.14475,False,0.4536150767514961,True,True,0.4556249999999995,1.333124999999999,1,102.40559387207031,False
d93419812fd1a110a96910c405c4195i,10.13975,False,0.2,False,True,0,0.5737500000000004,0,94.02558135986328,False
3686459a63c7273f48059a2a3c1a195e,6.86,False,0.6325,True,True,3.0375,1.6031249999999986,1,100.36784362792969,False
25b82b332dabbddc349f9c270d90195m,11.0,False,0.2,False,True,0,1.3162500000000008,0,94.46204376220703,False
e633f85fd3c6db75646eba13dd6f195g,3.83975,False,0.2,True,False,2.7,0,0,104.69120025634766,False
f4ab5247286cd1e3e1cb93c00f5a195g,19.35975,True,1.0,True,True,3.577499999999997,3.442500000000001,6,92.27759552001953,False
8be2007426e5f44006613acb3655195p,70.58,True,0.944347236016145,True,True,6.935625000000014,14.647499999999983,11,101.57364654541016,False
1b9560768ad6ef0be65c17fa6109195q,148.52,True,0.7963548120611317,True,True,122.56312500000004,26.17312499999999,24,106.31846618652344,False
